Automated daily commit by 24f2003882@ds.study.iitm.ac.in at Mon Oct 27 16:26:34 UTC 2025
Automated daily commit by 24f2003882@ds.study.iitm.ac.in at Tue Oct 28 03:08:21 UTC 2025
Automated daily commit by 24f2003882@ds.study.iitm.ac.in at Wed Oct 29 03:16:38 UTC 2025
Automated daily commit by 24f2003882@ds.study.iitm.ac.in at Thu Oct 30 03:12:05 UTC 2025
Automated daily commit by 24f2003882@ds.study.iitm.ac.in at Fri Oct 31 03:11:43 UTC 2025
Automated daily commit by 24f2003882@ds.study.iitm.ac.in at Sat Nov  1 03:12:39 UTC 2025
Automated daily commit by 24f2003882@ds.study.iitm.ac.in at Sun Nov  2 03:16:35 UTC 2025
Automated daily commit by 24f2003882@ds.study.iitm.ac.in at Mon Nov  3 03:18:30 UTC 2025
Automated daily commit by 24f2003882@ds.study.iitm.ac.in at Tue Nov  4 03:11:11 UTC 2025
Automated daily commit by 24f2003882@ds.study.iitm.ac.in at Wed Nov  5 03:12:41 UTC 2025
Automated daily commit by 24f2003882@ds.study.iitm.ac.in at Thu Nov  6 03:15:08 UTC 2025
Automated daily commit by 24f2003882@ds.study.iitm.ac.in at Fri Nov  7 03:11:45 UTC 2025
Automated daily commit by 24f2003882@ds.study.iitm.ac.in at Sat Nov  8 03:03:19 UTC 2025
Automated daily commit by 24f2003882@ds.study.iitm.ac.in at Sun Nov  9 03:14:16 UTC 2025
Automated daily commit by 24f2003882@ds.study.iitm.ac.in at Mon Nov 10 03:20:09 UTC 2025
Automated daily commit by 24f2003882@ds.study.iitm.ac.in at Tue Nov 11 03:14:45 UTC 2025
Automated daily commit by 24f2003882@ds.study.iitm.ac.in at Wed Nov 12 03:13:09 UTC 2025
